-- =====================================================================
-- KHIBRA PLATFORM — PREMIUM DATABASE SEED SCRIPT (ARABIC)
-- =====================================================================
-- Description: Completely clears existing testing data and populates
--              the database with high-quality Arabic content and expert profiles.
-- Instructions: Copy and run this script in your Supabase SQL Editor.
-- =====================================================================

-- =====================================================================
-- ── STEP 1: DATABASE CLEANUP (FACTORY RESET)
-- =====================================================================
TRUNCATE auth.users CASCADE;
TRUNCATE public.tags CASCADE;
TRUNCATE public.spaces CASCADE;

-- Ensure enum tables are populated (safeguard)
INSERT INTO public.account_types (value, label_ar, label_en) VALUES
  ('individual',  'فرد',         'Individual'),
  ('business',    'نشاط تجاري',  'Business'),
  ('restaurant',  'مطعم',        'Restaurant'),
  ('clinic',      'عيادة',       'Clinic'),
  ('doctor',      'طبيب',        'Doctor'),
  ('activity',    'نشاط',        'Activity'),
  ('admin',       'مدير',        'Admin')
ON CONFLICT (value) DO UPDATE
SET label_ar = EXCLUDED.label_ar, label_en = EXCLUDED.label_en;

INSERT INTO public.vote_types (value, label_ar) VALUES
  ('up',   'إيجابي'),
  ('down', 'سلبي')
ON CONFLICT (value) DO UPDATE SET label_ar = EXCLUDED.label_ar;

INSERT INTO public.attachment_types (value, label_ar) VALUES
  ('image',    'صورة'),
  ('link',     'رابط'),
  ('location', 'موقع')
ON CONFLICT (value) DO UPDATE SET label_ar = EXCLUDED.label_ar;

INSERT INTO public.notification_types (value, label_ar) VALUES
  ('like',        'إعجاب'),
  ('answer',      'إجابة'),
  ('comment',     'تعليق'),
  ('follow',      'متابعة'),
  ('review',      'تقييم'),
  ('system',      'نظام'),
  ('achievement', 'إنجاز')
ON CONFLICT (value) DO UPDATE SET label_ar = EXCLUDED.label_ar;


-- =====================================================================
-- ── STEP 2: CREATE PREMIUM EXPERT USER ACCOUNTS
-- =====================================================================
-- Password for all accounts: '12345678'
-- Note: All UUIDs use valid hex characters only (0-9, a-f)

INSERT INTO auth.users (
  id,
  email,
  encrypted_password,
  email_confirmed_at,
  raw_app_meta_data,
  raw_user_meta_data,
  created_at,
  updated_at,
  role,
  aud
)
VALUES
-- 1. Ahmed Al-Jabri (Cloud Solutions Architect)
(
  'a1b1c1d1-e1f1-41a1-b1c1-d1e1f1a1b1c1',
  'ahmed@khibra.com',
  extensions.crypt('12345678', extensions.gen_salt('bf')),
  NOW(),
  '{"provider":"email","providers":["email"]}'::jsonb,
  '{"name": "م. أحمد الجابري", "username": "ahmed_jabri", "account_type": "individual"}'::jsonb,
  NOW(), NOW(), 'authenticated', 'authenticated'
),
-- 2. Mona Al-Khalidi (UI/UX Designer)
(
  'a2b2c2d2-e2f2-42a2-b2c2-d2e2f2a2b2c2',
  'mona@khibra.com',
  extensions.crypt('12345678', extensions.gen_salt('bf')),
  NOW(),
  '{"provider":"email","providers":["email"]}'::jsonb,
  '{"name": "منى الخالدي", "username": "mona_ux", "account_type": "individual"}'::jsonb,
  NOW(), NOW(), 'authenticated', 'authenticated'
),
-- 3. Dr. Noura Al-Sudairy (Dentist - Verified Doctor)
(
  'a3b3c3d3-e3f3-43a3-b3c3-d3e3f3a3b3c3',
  'dr.noura@khibra.com',
  extensions.crypt('12345678', extensions.gen_salt('bf')),
  NOW(),
  '{"provider":"email","providers":["email"]}'::jsonb,
  '{"name": "د. نورة السديري", "username": "dr_noura", "account_type": "doctor"}'::jsonb,
  NOW(), NOW(), 'authenticated', 'authenticated'
),
-- 4. Al-Mathaq Restaurant (Verified Restaurant)
(
  'a4b4c4d4-e4f4-44a4-b4c4-d4e4f4a4b4c4',
  'restaurant@khibra.com',
  extensions.crypt('12345678', extensions.gen_salt('bf')),
  NOW(),
  '{"provider":"email","providers":["email"]}'::jsonb,
  '{"name": "مطعم المذاق الأصيل", "username": "al_mathaq", "account_type": "restaurant"}'::jsonb,
  NOW(), NOW(), 'authenticated', 'authenticated'
),
-- 5. Khaled Al-Harbi (Business Advisor)
(
  'a5b5c5d5-e5f5-45a5-b5c5-d5e5f5a5b5c5',
  'khaled@khibra.com',
  extensions.crypt('12345678', extensions.gen_salt('bf')),
  NOW(),
  '{"provider":"email","providers":["email"]}'::jsonb,
  '{"name": "خالد الحربي", "username": "khaled_advisor", "account_type": "individual"}'::jsonb,
  NOW(), NOW(), 'authenticated', 'authenticated'
);


-- =====================================================================
-- ── STEP 3: ENRICH PROFILE META-DATA
-- =====================================================================
-- Profiles are auto-created by handle_new_user() trigger.
-- We now fill in bios, avatars, and business details.

UPDATE public.profiles
SET bio = 'استشاري حلول سحابية ومطور برمجيات أول. مهتم بهندسة الأنظمة الموزعة وتطوير تطبيقات الويب فائقة الأداء والتفاعل الفوري.',
    location = 'الرياض، السعودية',
    reputation = 1420,
    avatar_url = 'https://images.unsplash.com/photo-1507003211169-0a1dd7228f2d?w=150&auto=format&fit=crop&q=80'
WHERE id = 'a1b1c1d1-e1f1-41a1-b1c1-d1e1f1a1b1c1';

UPDATE public.profiles
SET bio = 'مصممة تجربة واجهة مستخدم (UI/UX) شغوفة بتبسيط الأنظمة الرقمية المعقدة وتصميم تجارب مستخدم ممتعة وتفاعلية وجذابة.',
    location = 'الخبر، السعودية',
    reputation = 980,
    avatar_url = 'https://images.unsplash.com/photo-1494790108377-be9c29b29330?w=150&auto=format&fit=crop&q=80'
WHERE id = 'a2b2c2d2-e2f2-42a2-b2c2-d2e2f2a2b2c2';

UPDATE public.profiles
SET bio = 'استشارية طب وجراحة الفم والأسنان. خبرة 12 عاماً في تجميل الأسنان وزراعتها وإعادة تأهيل الابتسامة بالأجهزة الطبية الحديثة.',
    location = 'الرياض، السعودية',
    reputation = 2150,
    avatar_url = 'https://images.unsplash.com/photo-1559839734-2b71ea197ec2?w=150&auto=format&fit=crop&q=80',
    business_category = 'صحة وعيادات',
    business_license = 'M-553229',
    business_address = 'شارع التخصصي، الرياض',
    business_rating = 4.9,
    reviews_count = 1,
    operating_hours = '9:00 ص - 8:00 م',
    is_verified_entity = true
WHERE id = 'a3b3c3d3-e3f3-43a3-b3c3-d3e3f3a3b3c3';

UPDATE public.profiles
SET bio = 'مطعم عربي أصيل يقدم أشهى المأكولات الشرقية والمشويات الطازجة المحضرة يومياً بأيدي أمهر الطهاة المحترفين.',
    location = 'جدة، السعودية',
    reputation = 1200,
    avatar_url = 'https://images.unsplash.com/photo-1555396273-367ea4eb4db5?w=150&auto=format&fit=crop&q=80',
    business_category = 'مأكولات',
    business_license = '1010203040',
    business_address = 'طريق الملك عبد العزيز، جدة',
    business_rating = 5.0,
    reviews_count = 1,
    operating_hours = '12:00 م - 2:00 ص',
    is_verified_entity = true
WHERE id = 'a4b4c4d4-e4f4-44a4-b4c4-d4e4f4a4b4c4';

UPDATE public.profiles
SET bio = 'مستشار مالي وريادي أعمال. أساعد الشركات الناشئة في التخطيط المالي وتطوير استراتيجيات النمو وجلب الاستثمارات الجريئة.',
    location = 'جدة، السعودية',
    reputation = 740,
    avatar_url = 'https://images.unsplash.com/photo-1472099645785-5658abf4ff4e?w=150&auto=format&fit=crop&q=80'
WHERE id = 'a5b5c5d5-e5f5-45a5-b5c5-d5e5f5a5b5c5';


-- =====================================================================
-- ── STEP 4: SEED SPACES
-- =====================================================================
-- ✅ All UUIDs use valid hex only (0-9, a-f). s→5, q→9, t→f, r→e
INSERT INTO public.spaces (id, name, description, icon_url, is_active)
VALUES
  ('51111111-1111-4111-b111-111111111111', 'برمجة وتطوير', 'فضاء لمناقشة لغات البرمجة، تقنيات الويب، والذكاء الاصطناعي وهندسة الأنظمة الحديثة.', 'Code', true),
  ('52222222-2222-4222-b222-222222222222', 'ريادة وأعمال', 'مساحة لتبادل النصائح المالية والقانونية للشركات الناشئة والمستشارين الماليين.', 'TrendingUp', true),
  ('53333333-3333-4333-b333-333333333333', 'صحة واستشارات', 'فضاء طبي لمناقشة مواضيع الأسنان، الصحة العامة، والتغذية السليمة.', 'Heart', true);


-- =====================================================================
-- ── STEP 5: SEED PREMIUM ARABIC QUESTIONS
-- =====================================================================
INSERT INTO public.questions (
  id, author_id, title, content, category, location,
  votes_count, answers_count, views_count, created_at, updated_at
)
VALUES
-- Question 1: Tech
(
  '91111111-1111-4111-b111-111111111111',
  'a2b2c2d2-e2f2-42a2-b2c2-d2e2f2a2b2c2',
  'ما هي أفضل الطرق للتعامل مع إدارة الحالة (State Management) في تطبيقات React الكبيرة؟',
  'نعمل حالياً على تطوير لوحة تحكم إدارية ضخمة تحتوي على العشرات من النماذج التفاعلية والبيانات المشتركة بين عدة واجهات. نجد صعوبة في اختيار الأداة المناسبة بين Context API و Redux Toolkit و Zustand. ما هي معايير الاختيار وأفضل الممارسات لتجنب بطء إعادة الرندرة (Re-rendering)؟',
  'تقنية', 'الرياض', 25, 1, 142,
  NOW() - INTERVAL '5 hours', NOW() - INTERVAL '5 hours'
),
-- Question 2: Business
(
  '92222222-2222-4222-b222-222222222222',
  'a1b1c1d1-e1f1-41a1-b1c1-d1e1f1a1b1c1',
  'كيف يمكن لشركة ناشئة تقليل تكاليف الاستضافة السحابية في المراحل الأولى؟',
  'قمنا بإطلاق النسخة التجريبية لتطبيقنا، وفوجئنا بفاتورة استضافة مرتفعة جداً من AWS على الرغم من أن عدد المستخدمين النشطين لا يتجاوز بضعة آلاف. كيف يمكننا هيكلة خوادمنا لتقليل التكاليف دون التأثير على استقرار التطبيق وسرعته؟',
  'أعمال', 'جدة', 14, 1, 89,
  NOW() - INTERVAL '1 day', NOW() - INTERVAL '1 day'
),
-- Question 3: Health
(
  '93333333-3333-4333-b333-333333333333',
  'a5b5c5d5-e5f5-45a5-b5c5-d5e5f5a5b5c5',
  'هل ابتسامة هوليود (الفينير) تلحق ضرراً بالأسنان الطبيعية على المدى البعيد؟',
  'أفكر في عمل عدسات الأسنان (الفينير) للحصول على ابتسامة متناسقة، ولكنني متخوف من فكرة برد الأسنان الطبيعية وهل ستصبح ضعيفة وعرضة للتسوس لاحقاً. أرجو الحصول على نصيحة طبية موثوقة.',
  'صحة', 'الرياض', 32, 1, 210,
  NOW() - INTERVAL '2 days', NOW() - INTERVAL '2 days'
);


-- =====================================================================
-- ── STEP 6: SEED TAGS & LINK TO QUESTIONS
-- =====================================================================
INSERT INTO public.tags (id, name, usage_count)
VALUES
  ('f1111111-1111-4111-b111-111111111111', 'React', 1),
  ('f2222222-2222-4222-b222-222222222222', 'برمجة', 1),
  ('f3333333-3333-4333-b333-333333333333', 'تطوير ويب', 2),
  ('f4444444-4444-4444-b444-444444444444', 'JavaScript', 1),
  ('f5555555-5555-4555-b555-555555555555', 'ريادة أعمال', 1),
  ('f6666666-6666-4666-b666-666666666666', 'أعمال', 1),
  ('f7777777-7777-4777-b777-777777777777', 'الحوسبة السحابية', 1),
  ('f8888888-8888-4888-b888-888888888888', 'صحة', 1),
  ('f9999999-9999-4999-b999-999999999999', 'طب الأسنان', 1),
  ('faaaaaaa-aaaa-4aaa-baaa-aaaaaaaaaaaa', 'تجميل', 1);

INSERT INTO public.question_tags (question_id, tag_id)
VALUES
  ('91111111-1111-4111-b111-111111111111', 'f1111111-1111-4111-b111-111111111111'),
  ('91111111-1111-4111-b111-111111111111', 'f2222222-2222-4222-b222-222222222222'),
  ('91111111-1111-4111-b111-111111111111', 'f3333333-3333-4333-b333-333333333333'),
  ('91111111-1111-4111-b111-111111111111', 'f4444444-4444-4444-b444-444444444444'),

  ('92222222-2222-4222-b222-222222222222', 'f5555555-5555-4555-b555-555555555555'),
  ('92222222-2222-4222-b222-222222222222', 'f3333333-3333-4333-b333-333333333333'),
  ('92222222-2222-4222-b222-222222222222', 'f6666666-6666-4666-b666-666666666666'),
  ('92222222-2222-4222-b222-222222222222', 'f7777777-7777-4777-b777-777777777777'),

  ('93333333-3333-4333-b333-333333333333', 'f8888888-8888-4888-b888-888888888888'),
  ('93333333-3333-4333-b333-333333333333', 'f9999999-9999-4999-b999-999999999999'),
  ('93333333-3333-4333-b333-333333333333', 'faaaaaaa-aaaa-4aaa-baaa-aaaaaaaaaaaa');


-- =====================================================================
-- ── STEP 7: SEED PREMIUM ARABIC EXPERT ANSWERS
-- =====================================================================
INSERT INTO public.answers (
  id, question_id, author_id, content, votes_count, is_accepted, created_at, updated_at
)
VALUES
-- Answer 1: React State Management (By Ahmed Al-Jabri)
(
  'a1111111-1111-4111-b111-111111111111',
  '91111111-1111-4111-b111-111111111111',
  'a1b1c1d1-e1f1-41a1-b1c1-d1e1f1a1b1c1',
  'أهلاً بكِ أخت منى. هذا التحدي شائع جداً في المشاريع الكبيرة ذات النماذج المتشعبة. إليكِ الخلاصة العملية المبنية على تجربة إطلاق مشاريع ضخمة:

1. **Context API:** ممتاز للحالات شبه الثابتة (مثل المظهر الداكن/الفاتح، لغة التطبيق، بيانات المستخدم المسجل). لا يُنصح به إطلاقاً لإدارة البيانات سريعة التغير لأنه يعيد رندرة كافة المكونات التابعة (Children) عند أي تغيير، مما يسبب بطئاً ملحوظاً.

2. **Redux Toolkit:** الخيار التقليدي للمشاريع الضخمة التي يعمل عليها فرق متعددة. يوفر بنية تنظيمية ممتازة وتتبعاً رائعاً للأخطاء عبر DevTools، ولكنه يحتوي على الكثير من الأكواد المكررة (Boilerplate) ويعقد قراءة الكود في البدايات.

3. **Zustand:** الخيار الحديث والأكثر مرونة حالياً. بسيط جداً، وسريع للغاية، ويسمح بالاشتراك الجزئي (Selectors) مما يمنع تماماً إعادة الرندرة غير الضرورية في المكونات الأخرى.

**نصيحتي العملية للمشروع:**
ابدأوا باستخدام **Zustand** لإدارة الحالات المشتركة المحلية في الواجهات، واستخدموا كاش السيرفر مثل **React Query (TanStack Query)** لإدارة البيانات القادمة من الواجهات الخلفية (APIs). هذا الدمج سيقلل من حجم الحالات المحلية بنسبة 80% ويجعل التطبيق سريعاً بشكل استثنائي.',
  18, true,
  NOW() - INTERVAL '4 hours', NOW() - INTERVAL '4 hours'
),
-- Answer 2: Cloud Costs (By Khaled Al-Harbi)
(
  'a2222222-2222-4222-b222-222222222222',
  '92222222-2222-4222-b222-222222222222',
  'a5b5c5d5-e5f5-45a5-b5c5-d5e5f5a5b5c5',
  'توفير التكاليف السحابية في المراحل الأولى للشركات الناشئة هو عامل حاسم لاستمرار نموها. إليك عدة خطوات عملية قمنا بتطبيقها في عدة شركات تقنية ووفرت ما يصل إلى 60% من فاتورة AWS:

1. **الاعتماد على التقنيات اللامركزية (Serverless):** بدلاً من تشغيل خوادم EC2 تعمل على مدار الساعة دون استغلال كامل لقدرتها، استخدم AWS Lambda و DynamoDB حيث تدفع فقط بالملي ثانية مقابل الطلبات الفعلية.

2. **استخدام خوادم Spot Instances:** للبيئات التجريبية (Staging) والاختبارات، توفر خوادم Spot ما يصل إلى 90% من سعر الخوادم العادية، وتكفي جداً في مراحل التطوير الأولى.

3. **تفعيل CloudFront (CDN):** تخزين الملفات والصور الثابتة على شبكة توصيل المحتوى يقلل الضغط والتحميل المباشر من الخوادم الأساسية، مما يوفر تكاليف نقل البيانات (Data Transfer).

4. **الانتقال إلى خيارات اقتصادية:** في البداية، منصات مثل Vercel لتطوير الواجهات أو Supabase لإدارة قواعد البيانات والخدمات الخلفية تقدم باقات مجانية أو منخفضة التكلفة تغطي احتياجاتك بالكامل وتوفر عليك كلفة توظيف مهندس سحابي متخصص.',
  9, true,
  NOW() - INTERVAL '18 hours', NOW() - INTERVAL '18 hours'
),
-- Answer 3: Dental Veneers (By Dr. Noura Al-Sudairy)
(
  'a3333333-3333-4333-b333-333333333333',
  '93333333-3333-4333-b333-333333333333',
  'a3b3c3d3-e3f3-43a3-b3c3-d3e3f3a3b3c3',
  'أهلاً بك أخي الكريم. سؤالك في غاية الأهمية ويتكرر دائماً لدى المراجعين المتخوفين من تجميل الأسنان. الإجابة الدقيقة تعتمد على **طريقة التحضير الطبية والخبرة المهنية للطبيب المعالج**.

**1. برد الأسنان الطبيعي:** في الفينير التقليدي، نحتاج لبرد طبقة بسيطة جداً من المينا (حوالي 0.3 إلى 0.5 ملم) وهي سماكة طفيفة لا تضعف السن بشكل كبير إذا تمت بدقة وحرفية. ومع ذلك، هناك خيارات حديثة مثل **اللومينير (Lumineers)** أو عدسات بدون برد تماماً، لكنها لا تناسب كل الحالات (خصوصاً من لديهم بروز أو تلون شديد بالأسنان).

**2. مخاطر التسوس والتهاب اللثة:** العدسات التجميلية نفسها لا تسوس لأنها مصنعة من البورسلين، ولكن السن الطبيعي خلفها يمكن أن يسوس أو تلتهب اللثة المحيطة بها إذا لم يكن هناك إطباق تام ودقيق للعدسة على السن، أو إذا أهمل المريض نظافة الفم اليومية.

**نصائحي الذهبية للسلامة:**
- اختر طبيباً استشارياً متخصصاً وذا خبرة عالية في التركيبات التجميلية لتجنب البرد الجائر لطبقة المينا.
- التزم بالتنظيف اليومي بالفرشاة والمعجون واستخدام خيط الأسنان المائي بانتظام لمنع تراكم البلاك حول حواف العدسات.
- الفحص الدوري كل 6 أشهر يضمن سلامة اللثة والعدسات ويكشف أي تسرب مبكراً.',
  22, true,
  NOW() - INTERVAL '1 day', NOW() - INTERVAL '1 day'
);


-- =====================================================================
-- ── STEP 8: SEED ARABIC COMMENTS
-- =====================================================================
INSERT INTO public.comments (
  id, answer_id, author_id, content, created_at
)
VALUES
-- Comment 1: Mona praises Ahmed's React answer
(
  'c1111111-1111-4111-b111-111111111111',
  'a1111111-1111-4111-b111-111111111111',
  'a2b2c2d2-e2f2-42a2-b2c2-d2e2f2a2b2c2',
  'إجابة ممتازة ووافية يا مهندس أحمد! فعلاً دمج Zustand مع React Query يحل أغلب مشاكل إدارة الحالة ويجعل الكود أنظف بكثير.',
  NOW() - INTERVAL '3 hours'
),
-- Comment 2: Ahmed replies to Mona
(
  'c2222222-2222-4222-b222-222222222222',
  'a1111111-1111-4111-b111-111111111111',
  'a1b1c1d1-e1f1-41a1-b1c1-d1e1f1a1b1c1',
  'شكراً لكِ أخت منى. هذا التوجه هو السائد حالياً في كبرى الشركات التقنية لتبسيط دورة حياة البيانات وتوفير الأداء العالي وموثوقية الكود.',
  NOW() - INTERVAL '2 hours'
),
-- Comment 3: Ahmed comments on Khaled's cloud answer
(
  'c3333333-3333-4333-b333-333333333333',
  'a2222222-2222-4222-b222-222222222222',
  'a1b1c1d1-e1f1-41a1-b1c1-d1e1f1a1b1c1',
  'إضافة قيمة جداً يا أستاذ خالد. فعلاً الكثير من الشركات الناشئة ترتكب خطأ تشغيل خوادم EC2 ضخمة في البداية دون الحاجة لها، والتحول إلى Serverless أو Supabase يوفر آلاف الدولارات شهرياً ويسمح بالتركيز على تطوير المنتج الأساسي.',
  NOW() - INTERVAL '15 hours'
),
-- Comment 4: Mona thanks Dr. Noura
(
  'c4444444-4444-4444-b444-444444444444',
  'a3333333-3333-4333-b333-333333333333',
  'a2b2c2d2-e2f2-42a2-b2c2-d2e2f2a2b2c2',
  'شكراً دكتورة نورة على هذا الشرح الدقيق والواعي. طمأنتيني كثيراً بخصوص موضوع البرد، فالكثير من المعلومات المغلوطة تنتشر على وسائل التواصل الاجتماعي وتجعلنا نتردد كثيراً قبل العلاج.',
  NOW() - INTERVAL '18 hours'
);


-- =====================================================================
-- ── STEP 9: SEED BUSINESS REVIEWS
-- =====================================================================
INSERT INTO public.reviews (
  id, reviewer_id, entity_id, rating, comment, visit_date, created_at
)
VALUES
-- Review 1: Mona reviews Dr. Noura's clinic
(
  'e1111111-1111-4111-b111-111111111111',
  'a2b2c2d2-e2f2-42a2-b2c2-d2e2f2a2b2c2',
  'a3b3c3d3-e3f3-43a3-b3c3-d3e3f3a3b3c3',
  5,
  'قمت بزيارة العيادة لعمل عدسات الفينير التجميلية بعد استشارة الدكتورة نورة. التعامل كان قمة في الاحترافية والأمانة، لم تقم ببرد الأسنان إلا بالقدر الأدنى والنتيجة طبيعية ورائعة جداً. أنصح بالتعامل معها بشدة لمن يبحث عن الجودة والمصداقية الطبية.',
  '2026-05-15',
  NOW() - INTERVAL '15 days'
),
-- Review 2: Khaled reviews Al-Mathaq restaurant
(
  'e2222222-2222-4222-b222-222222222222',
  'a5b5c5d5-e5f5-45a5-b5c5-d5e5f5a5b5c5',
  'a4b4c4d4-e4f4-44a4-b4c4-d4e4f4a4b4c4',
  5,
  'أفضل مطعم يقدم المشويات الحلبية والأكلات الشرقية في جدة بلا منازع. كباب اللحم طازج ولذيذ جداً، والخدمة سريعة وممتازة. المكان نظيف ومرتب ومناسب جداً للعائلات.',
  '2026-05-20',
  NOW() - INTERVAL '10 days'
);


-- =====================================================================
-- ── STEP 10: FOLLOWS, VOTES & REPUTATION LOGS
-- =====================================================================

-- Follows
INSERT INTO public.follows (id, follower_id, following_id, created_at)
VALUES
  (uuid_generate_v4(), 'a1b1c1d1-e1f1-41a1-b1c1-d1e1f1a1b1c1', 'a5b5c5d5-e5f5-45a5-b5c5-d5e5f5a5b5c5', NOW() - INTERVAL '10 days'),
  (uuid_generate_v4(), 'a2b2c2d2-e2f2-42a2-b2c2-d2e2f2a2b2c2', 'a1b1c1d1-e1f1-41a1-b1c1-d1e1f1a1b1c1', NOW() - INTERVAL '10 days');

-- Votes
INSERT INTO public.votes (id, user_id, target_id, target_type, vote_type, created_at)
VALUES
  (uuid_generate_v4(), 'a2b2c2d2-e2f2-42a2-b2c2-d2e2f2a2b2c2', 'a1111111-1111-4111-b111-111111111111', 'answer', 'up', NOW() - INTERVAL '3 hours'),
  (uuid_generate_v4(), 'a5b5c5d5-e5f5-45a5-b5c5-d5e5f5a5b5c5', 'a3333333-3333-4333-b333-333333333333', 'answer', 'up', NOW() - INTERVAL '20 hours');

-- Reputation logs (for leaderboard display)
INSERT INTO public.reputation_logs (id, user_id, points, reason, created_at)
VALUES
  (uuid_generate_v4(), 'a3b3c3d3-e3f3-43a3-b3c3-d3e3f3a3b3c3', 2000, 'النقاط التأسيسية للاستشاريين المعتمدين', NOW() - INTERVAL '30 days'),
  (uuid_generate_v4(), 'a1b1c1d1-e1f1-41a1-b1c1-d1e1f1a1b1c1', 1300, 'النقاط التأسيسية للمساهمين الذهبيين',   NOW() - INTERVAL '30 days'),
  (uuid_generate_v4(), 'a4b4c4d4-e4f4-44a4-b4c4-d4e4f4a4b4c4', 1100, 'النقاط التأسيسية للمطاعم الموثقة',      NOW() - INTERVAL '30 days'),
  (uuid_generate_v4(), 'a2b2c2d2-e2f2-42a2-b2c2-d2e2f2a2b2c2',  900, 'النقاط التأسيسية لمساهمي التصميم',      NOW() - INTERVAL '30 days'),
  (uuid_generate_v4(), 'a5b5c5d5-e5f5-45a5-b5c5-d5e5f5a5b5c5',  700, 'النقاط التأسيسية للمستشارين الماليين',   NOW() - INTERVAL '30 days');
-- =====================================================================
-- ── STEP 11: SEED ADDITIONAL GULF-FOCUSED QUESTIONS
-- =====================================================================
INSERT INTO public.questions (
id, author_id, title, content, category, location,
votes_count, answers_count, views_count, created_at, updated_at
)
VALUES
-- Question 4: Restaurants & Cafes
(
'94444444-4444-4444-b444-444444444444',
'a4b4c4d4-e4f4-44a4-b4c4-d4e4f4a4b4c4',
'ما هي أفضل المطاعم العائلية في دبي التي تقدم تجربة طعام أصيلة بأسعار معقولة؟',
'أخطط لزيارة دبي مع عائلتي خلال عطلة نهاية الأسبوع، وأبحث عن مطاعم تقدم أكلات عربية وخليجية أصيلة، بجو عائلي دافئ، وأسعار مناسبة للعائلات الكبيرة. نفضل الأماكن التي تتوفر فيها مواقف سيارات وخدمة سريعة. ما هي توصياتكم؟',
'سياحة وسفر', 'دبي، الإمارات', 18, 1, 95,
NOW() - INTERVAL '3 hours', NOW() - INTERVAL '3 hours'
),
-- Question 5: Resorts & Getaways
(
'95555555-5555-4555-b555-555555555555',
'a2b2c2d2-e2f2-42a2-b2c2-d2e2f2a2b2c2',
'أفضل المنتجعات الساحلية في سلطنة عُمان للاسترخاء بعيداً عن الزحام؟',
'أبحث عن منتجع هادئ على شاطئ عُمان، يوفر خصوصية وخدمات سبا وطبيعة خلابة، مناسب لقضاء عطلة رومانسية أو عزلة إبداعية. هل توجد توصيات لمنتجعات توفر تجربة فاخرة دون ازدحام سياحي؟',
'سياحة وسفر', 'صلالة، عُمان', 27, 1, 134,
NOW() - INTERVAL '6 hours', NOW() - INTERVAL '6 hours'
),
-- Question 6: Travel & Cities
(
'96666666-6666-4666-b666-666666666666',
'a5b5c5d5-e5f5-45a5-b5c5-d5e5f5a5b5c5',
'كيف يمكن التخطيط لرحلة برية بين دول الخليج بأقل التكاليف وأعلى متعة؟',
'أفكر في تنظيم رحلة برية تبدأ من الرياض مروراً بالكويت والبحرين وصولاً إلى دبي. ما هي أفضل الطرق والمسارات؟ وما هي النصائح لتجنب الرسوم الجمركية المرتفعة وتأمين السيارة؟ وهل توجد تطبيقات مفيدة لتخطيط هذه الرحلات؟',
'سياحة وسفر', 'الرياض، السعودية', 31, 1, 178,
NOW() - INTERVAL '12 hours', NOW() - INTERVAL '12 hours'
),
-- Question 7: Clinics & Healthcare
(
'97777777-7777-4777-b777-777777777777',
'a1b1c1d1-e1f1-41a1-b1c1-d1e1f1a1b1c1',
'ما هي أفضل العيادات المتخصصة في علاج العظام والرياضيين في قطر؟',
'أعاني من إصابة رياضية متكررة في الركبة وأبحث عن عيادة في الدوحة تقدم تشخيصاً دقيقاً وعلاجاً طبيعياً متطوراً، مع أطباء ذوي خبرة في علاج الرياضيين المحترفين. هل توجد توصيات موثوقة؟',
'صحة', 'الدوحة، قطر', 22, 1, 112,
NOW() - INTERVAL '1 day', NOW() - INTERVAL '1 day'
),
-- Question 8: Cafes & Workspaces
(
'98888888-8888-4888-b888-888888888888',
'a2b2c2d2-e2f2-42a2-b2c2-d2e2f2a2b2c2',
'أفضل المقاهي الهادئة في المنامة المناسبة للعمل عن بُعد؟',
'أبحث عن مقهى في المنامة يوفر إنترنت سريع، مقاعد مريحة، جو هادئ، ومقابس كهرباء متوفرة، لأتمكن من العمل لساعات طويلة. هل توجد أماكن تنصحون بها للمحترفين والفريلانسرز؟',
'أعمال', 'المنامة، البحرين', 15, 1, 67,
NOW() - INTERVAL '2 days', NOW() - INTERVAL '2 days'
),
-- Question 9: Resorts & Family
(
'99999999-9999-4999-b999-999999999999',
'a4b4c4d4-e4f4-44a4-b4c4-d4e4f4a4b4c4',
'منتجعات عائلية في أبوظبي توفر أنشطة للأطفال وراحة للوالدين؟',
'نخطط لقضاء عطلة عائلية في أبوظبي، ونبحث عن منتجع يوفر نادي أطفال احترافي، مسابح منفصلة، وخدمات طعام متنوعة تناسب جميع الأعمار. ما هي الخيارات الأفضل من حيث الجودة والسعر؟',
'سياحة وسفر', 'أبوظبي، الإمارات', 29, 1, 156,
NOW() - INTERVAL '3 days', NOW() - INTERVAL '3 days'
),
-- Question 10: Clinics & Wellness
(
'9aaaaaaa-aaaa-4aaa-baaa-aaaaaaaaaaaa',
'a3b3c3d3-e3f3-43a3-b3c3-d3e3f3a3b3c3',
'أفضل المراكز الطبية للتجميل والعناية بالبشرة في الكويت؟',
'أبحث عن مركز طبي مرخص في الكويت يقدم خدمات تجميلية غير جراحية مثل الفيلر، البوتوكس، والعناية بالبشرة، بأيدٍ طبية خبيرة ومنتجات معتمدة. ما هي التوصيات الآمنة والموثوقة؟',
'صحة', 'الكويت، الكويت', 24, 1, 143,
NOW() - INTERVAL '4 days', NOW() - INTERVAL '4 days'
);
-- =====================================================================
-- ── STEP 12: SEED ADDITIONAL TAGS FOR NEW CATEGORIES [CORRECTED]
-- =====================================================================
INSERT INTO public.tags (id, name, usage_count)
VALUES
  ('fbbbbbbb-bbbb-4bbb-bbbb-bbbbbbbbbbbb', 'مطاعم', 2),
  ('fccccccc-cccc-4ccc-bccc-cccccccccccc', 'مقاهي', 2),
  ('fddddddd-dddd-4ddd-bddd-dddddddddddd', 'منتجعات', 2),
  ('feeeeeee-eeee-4eee-beee-eeeeeeeeeeee', 'سفر', 3),
  ('ffffffff-ffff-4fff-bfff-ffffffffffff', 'خليج', 4),
  ('f0000000-0000-4000-b000-000000000000', 'دبي', 2),
  ('f1111110-1110-4110-b110-111011101110', 'أبوظبي', 1),
  ('f2222220-2220-4220-b220-222022202220', 'الدوحة', 1),
  ('f3333330-3330-4330-b330-333033303330', 'الكويت', 1),
  ('f4444440-4440-4440-b440-444044404440', 'المنامة', 1),
  ('f5555550-5550-4550-b550-555055505550', 'مسقط', 1),
  ('f6666660-6660-4660-b660-666066606660', 'صلالة', 1),
  ('f7777770-7770-4770-b770-777077707770', 'عائلات', 2),
  ('f8888880-8880-4880-b880-888088808880', 'عمل عن بعد', 1),
  ('f9999990-9990-4990-b990-999099909990', 'طب العظام', 1),
  ('faaaaaaa-aaaa-4aaa-baaa-aaaaaaaaaaaa', 'تجميل', 2),
  ('fbbbbbb0-bbb0-4bb0-bbb0-bbbbbbbbbbb0', 'عناية بالبشرة', 1),
  ('fcccccc0-ccc0-4cc0-bcc0-ccccccccccc0', 'أنشطة أطفال', 1),
  ('fdddddd0-ddd0-4dd0-bdd0-ddddddddddd0', 'طبيعة', 1),
  ('feeeeee0-eee0-4ee0-bee0-eeeeeeeeeee0', 'استرخاء', 1)
ON CONFLICT (name) DO UPDATE
SET usage_count = EXCLUDED.usage_count;

INSERT INTO public.question_tags (question_id, tag_id)
VALUES
  ('94444444-4444-4444-b444-444444444444', 'fbbbbbbb-bbbb-4bbb-bbbb-bbbbbbbbbbbb'),
  ('94444444-4444-4444-b444-444444444444', 'feeeeeee-eeee-4eee-beee-eeeeeeeeeeee'),
  ('94444444-4444-4444-b444-444444444444', 'ffffffff-ffff-4fff-bfff-ffffffffffff'),
  ('94444444-4444-4444-b444-444444444444', 'f0000000-0000-4000-b000-000000000000'),
  ('94444444-4444-4444-b444-444444444444', 'f7777770-7770-4770-b770-777077707770'),

  ('95555555-5555-4555-b555-555555555555', 'fddddddd-dddd-4ddd-bddd-dddddddddddd'),
  ('95555555-5555-4555-b555-555555555555', 'feeeeeee-eeee-4eee-beee-eeeeeeeeeeee'),
  ('95555555-5555-4555-b555-555555555555', 'ffffffff-ffff-4fff-bfff-ffffffffffff'),
  ('95555555-5555-4555-b555-555555555555', 'f6666660-6660-4660-b660-666066606660'),
  ('95555555-5555-4555-b555-555555555555', 'feeeeee0-eee0-4ee0-bee0-eeeeeeeeeee0'),

  ('96666666-6666-4666-b666-666666666666', 'feeeeeee-eeee-4eee-beee-eeeeeeeeeeee'),
  ('96666666-6666-4666-b666-666666666666', 'ffffffff-ffff-4fff-bfff-ffffffffffff'),
  ('96666666-6666-4666-b666-666666666666', 'f0000000-0000-4000-b000-000000000000'),
  ('96666666-6666-4666-b666-666666666666', 'f3333330-3330-4330-b330-333033303330'),
  ('96666666-6666-4666-b666-666666666666', 'f4444440-4440-4440-b440-444044404440'),

  ('97777777-7777-4777-b777-777777777777', 'f9999990-9990-4990-b990-999099909990'),
  ('97777777-7777-4777-b777-777777777777', 'f8888888-8888-4888-b888-888888888888'),
  ('97777777-7777-4777-b777-777777777777', 'ffffffff-ffff-4fff-bfff-ffffffffffff'),
  ('97777777-7777-4777-b777-777777777777', 'f2222220-2220-4220-b220-222022202220'),

  ('98888888-8888-4888-b888-888888888888', 'fccccccc-cccc-4ccc-bccc-cccccccccccc'),
  ('98888888-8888-4888-b888-888888888888', 'f8888880-8880-4880-b880-888088808880'),
  ('98888888-8888-4888-b888-888888888888', 'ffffffff-ffff-4fff-bfff-ffffffffffff'),
  ('98888888-8888-4888-b888-888888888888', 'f4444440-4440-4440-b440-444044404440'),

  ('99999999-9999-4999-b999-999999999999', 'fddddddd-dddd-4ddd-bddd-dddddddddddd'),
  ('99999999-9999-4999-b999-999999999999', 'feeeeeee-eeee-4eee-beee-eeeeeeeeeeee'),
  ('99999999-9999-4999-b999-999999999999', 'ffffffff-ffff-4fff-bfff-ffffffffffff'),
  ('99999999-9999-4999-b999-999999999999', 'f1111110-1110-4110-b110-111011101110'),
  ('99999999-9999-4999-b999-999999999999', 'f7777770-7770-4770-b770-777077707770'),
  ('99999999-9999-4999-b999-999999999999', 'fcccccc0-ccc0-4cc0-bcc0-ccccccccccc0'),

  ('9aaaaaaa-aaaa-4aaa-baaa-aaaaaaaaaaaa', 'faaaaaaa-aaaa-4aaa-baaa-aaaaaaaaaaaa'),
  ('9aaaaaaa-aaaa-4aaa-baaa-aaaaaaaaaaaa', 'fbbbbbb0-bbb0-4bb0-bbb0-bbbbbbbbbbb0'),
  ('9aaaaaaa-aaaa-4aaa-baaa-aaaaaaaaaaaa', 'f8888888-8888-4888-b888-888888888888'),
  ('9aaaaaaa-aaaa-4aaa-baaa-aaaaaaaaaaaa', 'ffffffff-ffff-4fff-bfff-ffffffffffff'),
  ('9aaaaaaa-aaaa-4aaa-baaa-aaaaaaaaaaaa', 'f3333330-3330-4330-b330-333033303330');-- =====================================================================
-- ── STEP 13: SEED EXPERT ANSWERS FOR NEW QUESTIONS
-- =====================================================================
INSERT INTO public.answers (
id, question_id, author_id, content, votes_count, is_accepted, created_at, updated_at
)
VALUES
-- Answer 4: Dubai Family Restaurants (By Al-Mathaq Restaurant)
(
'a4444444-4444-4444-b444-444444444444',
'94444444-4444-4444-b444-444444444444',
'a4b4c4d4-e4f4-44a4-b4c4-d4e4f4a4b4c4',
'أهلاً بك في دبي! بصفتنا مطعمًا عربيًا أصيلاً، يسعدنا أن نشاركك قائمة مختارة بعناية للمطاعم العائلية التي نثق بها:
مطعم زمن الوصل (جميرا): يقدم مأكولات خليجية تقليدية في جو تراثي دافئ، مع منطقة ألعاب للأطفال ومواقف واسعة. الأسعار معقولة جداً للعائلات.
بيت العود (دبي مول والفرع الرئيسي): تجربة إماراتية أصيلة مع تشكيلة واسعة من المأكولات الشعبية، وخدمة ممتازة للعائلات الكبيرة.
مطعم المذاق الأصيل - فرع دبي (إذا سمحت لي بالإعلان 😊): نقدم مشويات طازجة وأطباقاً شرقية محضرة يومياً، مع خدمة توصيل للمنازل والفنادق، وجو عائلي هادئ.
مطعم السندباد (ديرة): موقع ساحر على الخور، يقدم مأكولات بحرية طازجة وأطباقاً عربية، مع إطلالة رائعة ومنطقة جلوس خارجية مناسبة للعائلات.
نصيحة ذهبية: احجز مسبقاً عبر تطبيقات مثل "زوماتو" أو "طلب" لتجنب الانتظار، خاصة في عطلات نهاية الأسبوع. معظم هذه المطاعم توفر خصومات للعائلات الكبيرة أو حاملي بطاقات الولاء.',
14, true,
NOW() - INTERVAL '2 hours', NOW() - INTERVAL '2 hours'
),
-- Answer 5: Oman Coastal Resorts (By Mona Al-Khalidi)
(
'a5555555-5555-4555-b555-555555555555',
'95555555-5555-4555-b555-555555555555',
'a2b2c2d2-e2f2-42a2-b2c2-d2e2f2a2b2c2',
'عُمان جوهرة مخفية للهدوء والاسترخاء! بعد زيارات متعددة وتجارب شخصية، إليك قائمة بالمنتجعات التي تجمع بين الفخامة والخصوصية:
جبل صلالة ريزورت (صلالة): موقع جبلي مطل على المحيط، يوفر فيلات خاصة مع مسابح فردية، خدمات سبا عضوية، وطبيعة خلابة. مثالي للعزلة الإبداعية.
شاطئ البريمي ريزورت (مسقط): منتجع بوتيك صغير على شاطئ خاص، يقدم تجارب غوص خاصة، وجلسات يوغا عند الغروب، وخدمة شخصية للغاية.
واحة صحار ريزورت (صحار): يجمع بين الجبل والبحر، مع حدائق استوائية واسعة وغرف مصممة بعناصر عمانية أصيلة. يوفر مسارات مشي خاصة وخدمات تدليك في الهواء الطلق.
نصيحة تصميمية: عند الحجز، اطلب غرفة في الطابق العلوي أو فيلا منفصلة لضمان أقصى درجات الخصوصية. معظم هذه المنتجعات تقدم باقات "رقمية ديتوكس" تشجع على الانقطاع عن التكنولوجيا والاستمتاع بالطبيعة.',
21, true,
NOW() - INTERVAL '5 hours', NOW() - INTERVAL '5 hours'
),
-- Answer 6: Gulf Road Trip Planning (By Khaled Al-Harbi)
(
'a6666666-6666-4666-b666-666666666666',
'96666666-6666-4666-b666-666666666666',
'a5b5c5d5-e5f5-45a5-b5c5-d5e5f5a5b5c5',
'رحلة برية بين دول الخليج تجربة لا تُنسى! إليك خطة عملية مجربة لتقليل التكاليف وزيادة المتعة:
أولاً: المسار المقترح
الرياض → الحدود البرية مع الكويت (النويصيب) → الكويت العاصمة → جسر الملك فهد إلى البحرين → المنامة → الحدود مع السعودية (البطحاء) → دبي عبر أبوظبي.
ثانياً: توفير التكاليف
تأمين السيارة: اشترِ تأميناً شاملاً للخليج من شركة واحدة (مثل "تكافل" أو "أسيج") بدلاً من شراء تأمين منفصل لكل دولة.
الوقود: املأ خزانك في السعودية حيث أسعار الوقود الأقل، واستخدم تطبيقات مثل "وقود" لمقارنة الأسعار.
الإقامة: احجز عبر منصات مثل "Booking" مع خيار الإلغاء المجاني، واستهدف الشقق الفندقية للعائلات لتوفير 40-60% مقارنة بالفنادق.
ثالثاً: التطبيقات المفيدة
مِراس: للترجمة الفورية بين اللهجات الخليجية.
خرائط جوجل (وضع عدم الاتصال): حمّل خرائط كل دولة مسبقاً.
أبشر / مقيم: لتسهيل إجراءات الحدود والمركبات.
Talabat / HungerStation: لتوصيل الطعام في المدن الكبرى.
نصيحة قانونية: تأكد من أن رخصة قيادتك سارية ومقبولة في جميع دول المسار، واحتفظ بنسخ رقمية من وثائق السيارة والهوية في تطبيق آمن مثل "أبشر".',
26, true,
NOW() - INTERVAL '10 hours', NOW() - INTERVAL '10 hours'
),
-- Answer 7: Qatar Orthopedic Clinics (By Dr. Noura Al-Sudairy)
(
'a7777777-7777-4777-b777-777777777777',
'97777777-7777-4777-b777-777777777777',
'a3b3c3d3-e3f3-43a3-b3c3-d3e3f3a3b3c3',
'أهلاً بك. علاج الإصابات الرياضية يتطلب دقة تشخيص وخبرة علاجية متخصصة. في قطر، توجد عدة مراكز طبية مرموقة في هذا المجال:
مستشفى أسبيتار (الدوحة): مركز عالمي متخصص في طب وجراحة العظام والرياضة، معتمد من الفيفا، ويضم نخبة من الأطباء الدوليين. يقدم تشخيصاً متطوراً عبر أجهزة الرنين المغناطيسي عالي الدقة، وبرامج تأهيل رياضي مخصصة.
مركز حمد الطبي للعظام (مدينة حمد الطبية): يقدم خدمات متكاملة من التشخيص إلى الجراحة والعلاج الطبيعي، مع فرق طبية متعددة التخصصات.
عيادة الدكتور خالد المناعي (المنطقة الطبية): عيادة خاصة متخصصة في إصابات الركبة والكتف للرياضيين، مع خبرة تزيد عن 15 عاماً في علاج المحترفين.
نصائحي الطبية:
اطلب دائماً رؤية شهادات الاعتماد الدولية للعيادة والأطباء (مثل JCI أو ISAKOS).
تأكد من أن خطة العلاج تشمل جلسات علاج طبيعي متكاملة، وليس فقط الجراحة أو الأدوية.
لا تتردد في طلب رأي ثانٍ قبل اتخاذ قرار جراحي، خاصة في الإصابات المتكررة.
ملاحظة: معظم هذه المراكز تقبل التأمين الصحي الدولي، لذا تحقق من تغطية بوليصتك قبل الحجز.',
19, true,
NOW() - INTERVAL '20 hours', NOW() - INTERVAL '20 hours'
),
-- Answer 8: Manama Remote Work Cafes (By Mona Al-Khalidi)
(
'a8888888-8888-4888-b888-888888888888',
'98888888-8888-4888-b888-888888888888',
'a2b2c2d2-e2f2-42a2-b2c2-d2e2f2a2b2c2',
'كمصممة تعمل عن بُعد، أفهم تماماً احتياجاتك! إليك قائمة بمقاهي المنامة التي جربتها شخصياً وأنصح بها للمحترفين:
مقهى قهوة وكتاب (جفّار): جو هادئ جداً، إنترنت سريع (اختبرته ووصل لـ 150 ميجابت)، مقاعد مريحة مع وسائد ظهر، ومقابس في كل طاولة. يقدم قهوة مختصة وحلويات خفيفة.
مساحة العمل المشتركة "نُقطَة" (المنامة): ليس مقهى تقليدياً، لكنه يوفر بيئة عمل احترافية مع إنترنت فائق السرعة، غرف اجتماعات معزولة، وخدمات طباعة ومسح ضوئي. الاشتراك اليومي معقول جداً.
مقهى الردهة (مجمع السيف): موقع مركزي، تصميم داخلي هادئ بألوان ترابية، وموسيقى خلفية خفيفة لا تشتت الانتباه. يقدم وجبات خفيفة صحية تناسب ساعات العمل الطويلة.
نصيحة تقنية: احمل معك دائماً شاحنًا احتياطيًا (Power Bank) ومحول مقابس عالمي، فبعض المقاهي قد تكون مقابسها من النوع البريطاني. كما أن تطبيق "WiFi Map" مفيد لمعرفة كلمات مرور الشبكات العامة في المنطقة.',
12, true,
NOW() - INTERVAL '1 day', NOW() - INTERVAL '1 day'
),
-- Answer 9: Abu Dhabi Family Resorts (By Al-Mathaq Restaurant)
(
'a9999999-9999-4999-b999-999999999999',
'99999999-9999-4999-b999-999999999999',
'a4b4c4d4-e4f4-44a4-b4c4-d4e4f4a4b4c4',
'أبوظبي وجهة عائلية رائعة! إليك منتجعات تجمع بين متعة الأطفال وراحة الوالدين، بناءً على تجارب ضيوفنا وتوصيات موثوقة:
منتجع ياس فيلينج (جزيرة ياس): يوفر نادي أطفال "ياس وورلد" مع أنشطة تعليمية وترفيهية بإشراف مدربين محترفين، مسابح عائلية ومنطقة للكبار فقط، وخدمات طعام متنوعة تشمل قوائم أطفال صحية.
منتجع السعديات روتانا (جزيرة السعديات): شاطئ خاص نقي، نادي أطفال "R Kids" مفتوح من 9 صباحاً حتى 9 مساءً، مع أنشطة فنية ورياضية، بالإضافة إلى سبا للوالدين وخدمات جلوس أطفال في الغرفة.
منتجع قصر السراب (صحراء أبوظبي): تجربة فريدة تجمع بين الفخامة الصحراوية والأنشطة العائلية مثل ركوب الجمال، ورحلات السفاري، وورش عمل للأطفال عن التراث الإماراتي.
نصيحة حجز: احجز باقة "العائلة الذهبية" التي تشمل عادةً إقامة مجانية للأطفال تحت 12 سنة، ووجبات إفطار شاملة، وخصومات على الأنشطة. معظم هذه المنتجعات توفر خدمة النقل من المطار، فاستفسر عند الحجز.',
23, true,
NOW() - INTERVAL '2 days', NOW() - INTERVAL '2 days'
),
-- Answer 10: Kuwait Aesthetic Clinics (By Dr. Noura Al-Sudairy)
(
'aaaaaaaa-aaaa-4aaa-baaa-aaaaaaaaaaaa',
'9aaaaaaa-aaaa-4aaa-baaa-aaaaaaaaaaaa',
'a3b3c3d3-e3f3-43a3-b3c3-d3e3f3a3b3c3',
'العناية بالبشرة والتجميل غير الجراحي مجال حساس يتطلب اختياراً دقيقاً للمركز الطبي. في الكويت، إليك مراكز مرخصة وذات سمعة طيبة:
مركز الكويت للتجميل والطب التجميلي (السلام): مركز معتمد من وزارة الصحة الكويتية وهيئة الاعتماد الدولية (JCI)، يقدم خدمات الفيلر، البوتوكس، والعناية بالبشرة باستخدام منتجات معتمدة مثل "جيوفيلر" و"ديسبورت".
عيادة الدكتور فهد العلي (المنطقة الطبية): طبيب استشاري في الأمراض الجلدية والتجميل، مع خبرة 18 عاماً، ويستخدم تقنيات حديثة مثل الليزر الجزئي والهيدرافيشال.
مركز "بيوتي كلينك" المعتمد (السالمية): يركز على العلاجات غير الجراحية، مع فريق طبي نسائي بالكامل، مما يوفر راحة وخصوصية أكبر للمراجعات.
تحذيرات طبية هامة:
تجنب أي مركز لا يطلب فحصاً طبياً شاملاً قبل الإجراء، أو يعد بنتائج "فورية ودائمة" – فهذا غير علمي.
تأكد من أن المنتجات المستخدمة تحمل ختم الاعتماد من وزارة الصحة الكويتية أو الهيئة السعودية للغذاء والدواء.
اطلب رؤية شهادات التدريب الدولية للأطباء في التقنيات التجميلية.
تذكير: الجمال الحقيقي يبدأ من الصحة، لذا احرص على نظام عناية يومي بالبشرة قبل اللجوء للإجراءات التجميلية.',
20, true,
NOW() - INTERVAL '3 days', NOW() - INTERVAL '3 days'
);
-- =====================================================================
-- ── STEP 14: SEED ADDITIONAL COMMENTS & INTERACTIONS
-- =====================================================================
INSERT INTO public.comments (
id, answer_id, author_id, content, created_at
)
VALUES
-- Comment 5: Khaled praises Dubai restaurants answer
(
'c5555555-5555-4555-b555-555555555555',
'a4444444-4444-4444-b444-444444444444',
'a5b5c5d5-e5f5-45a5-b5c5-d5e5f5a5b5c5',
'قائمة ممتازة يا فريق المذاق الأصيل! سأجرب مطعم زمن الوصل في زيارتي القادمة لدبي، شكراً للتوصيات الدقيقة والمفيدة.',
NOW() - INTERVAL '1 hour'
),
-- Comment 6: Ahmed replies to Oman resorts answer
(
'c6666666-6666-4666-b666-666666666666',
'a5555555-5555-4555-b555-555555555555',
'a1b1c1d1-e1f1-41a1-b1c1-d1e1f1a1b1c1',
'وصف رائع يا منى! جبل صلالة ريزورت يبدو مثالياً لمشروع العزلة الرقمية الذي أخطط له. هل توفر هذه المنتجعات اتصال إنترنت كافٍ للاجتماعات عن بُعد؟',
NOW() - INTERVAL '4 hours'
),
-- Comment 7: Mona replies to Ahmed about Oman internet
(
'c7777777-7777-4777-b777-777777777777',
'a5555555-5555-4555-b555-555555555555',
'a2b2c2d2-e2f2-42a2-b2c2-d2e2f2a2b2c2',
'نعم يا أحمد! معظم المنتجعات الفاخرة في عُمان توفر إنترنت عالي السرعة في الفيلات الخاصة، لكن أنصح بالاتصال مسبقاً لتأكيد سرعة الرفع (Upload) التي تحتاجها للاجتماعات المرئية.',
NOW() - INTERVAL '3 hours'
),
-- Comment 8: Dr. Noura thanks Khaled for road trip answer
(
'c8888888-8888-4888-b888-888888888888',
'a6666666-6666-4666-b666-666666666666',
'a3b3c3d3-e3f3-43a3-b3c3-d3e3f3a3b3c3',
'دليل شامل ومفيد جداً يا أستاذ خالد! سأشاركه مع مرضاي الذين يخططون لرحلات علاجية بين دول الخليج. التوثيق القانوني والنصائح التأمينية نقطة ذهبية.',
NOW() - INTERVAL '8 hours'
),
-- Comment 9: Al-Mathaq replies to Abu Dhabi resorts answer
(
'c9999999-9999-4999-b999-999999999999',
'a9999999-9999-4999-b999-999999999999',
'a4b4c4d4-e4f4-44a4-b4c4-d4e4f4a4b4c4',
'شكراً لك! يسعدنا أن توصياتنا مفيدة. نود أن نضيف أن معظم هذه المنتجعات تتعاون مع مطاعم محلية لتقديم تجارب طعام أصيلة، مما يدعم الاقتصاد المحلي ويثري تجربة الضيوف.',
NOW() - INTERVAL '1 day'
),
-- Comment 10: Khaled asks about Kuwait clinics
(
'caaaaaaa-aaaa-4aaa-baaa-aaaaaaaaaaaa',
'aaaaaaaa-aaaa-4aaa-baaa-aaaaaaaaaaaa',
'a5b5c5d5-e5f5-45a5-b5c5-d5e5f5a5b5c5',
'سؤال مهم يا دكتورة نورة: هل توصين بإجراء استشارة افتراضية أولية قبل زيارة هذه المراكز لتقييم الحالة وتوفير وقت السفر؟',
NOW() - INTERVAL '2 days'
),
-- Comment 11: Dr. Noura replies to Khaled
(
'cbbbbbbb-bbbb-4bbb-bbbb-bbbbbbbbbbbb',
'aaaaaaaa-aaaa-4aaa-baaa-aaaaaaaaaaaa',
'a3b3c3d3-e3f3-43a3-b3c3-d3e3f3a3b3c3',
'فكرة ممتازة يا خالد! معظم المراكز المعتمدة تقدم الآن استشارات افتراضية أولية عبر منصات آمنة، مما يساعد في تحديد خطة العلاج المبدئية وتجنب الزيارات غير الضرورية. أنصح دائماً بطلب رابط الاستشارة الرسمي من الموقع الإلكتروني للمركز لتجنب الاحتيال.',
NOW() - INTERVAL '2 days'
);
-- =====================================================================
-- ── STEP 15: SEED ADDITIONAL BUSINESS REVIEWS
-- =====================================================================
INSERT INTO public.reviews (
id, reviewer_id, entity_id, rating, comment, visit_date, created_at
)
VALUES
-- Review 3: Ahmed reviews a hypothetical cafe in Manama
(
'e3333333-3333-4333-b333-333333333333',
'a1b1c1d1-e1f1-41a1-b1c1-d1e1f1a1b1c1',
'a2b2c2d2-e2f2-42a2-b2c2-d2e2f2a2b2c2',
5,
'جربت العمل من مقهى "قهوة وكتاب" في المنامة بناءً على توصية منى، وكانت التجربة رائعة! إنترنت سريع، جو هادئ، وقهوة ممتازة. أنصح به لكل من يعمل عن بُعد في البحرين.',
'2026-05-25',
NOW() - INTERVAL '5 days'
),
-- Review 4: Mona reviews a resort in Oman
(
'e4444444-4444-4444-b444-444444444444',
'a2b2c2d2-e2f2-42a2-b2c2-d2e2f2a2b2c2',
'a4b4c4d4-e4f4-44a4-b4c4-d4e4f4a4b4c4',
5,
'قضيت عطلة في منتجع جبلي في صلالة كان تجربة استرخاء لا تُنسى. الخدمة شخصية، والطبيعة خلابة، والطعام صحي ولذيذ. شكرًا لتوصيات "المذاق الأصيل" التي قادتني لهذه الجوهرة.',
'2026-05-18',
NOW() - INTERVAL '12 days'
),
-- Review 5: Khaled reviews a clinic in Qatar
(
'e5555555-5555-4555-b555-555555555555',
'a5b5c5d5-e5f5-45a5-b5c5-d5e5f5a5b5c5',
'a3b3c3d3-e3f3-43a3-b3c3-d3e3f3a3b3c3',
5,
'زرت مستشفى أسبيتار في الدوحة لعلاج إصابة رياضية، وكانت التجربة احترافية من أول دقيقة. التشخيص دقيق، والعلاج الطبيعي مكثف وفعّال، والطاقم الطبي داعم جداً. أنصح به بشدة للرياضيين في الخليج.',
'2026-05-10',
NOW() - INTERVAL '20 days'
);
-- =====================================================================
-- ── STEP 16: ADDITIONAL FOLLOWS, VOTES & REPUTATION LOGS [FIXED]
-- =====================================================================

-- Additional Follows
INSERT INTO public.follows (id, follower_id, following_id, created_at)
VALUES
  (uuid_generate_v4(), 'a3b3c3d3-e3f3-43a3-b3c3-d3e3f3a3b3c3', 'a4b4c4d4-e4f4-44a4-b4c4-d4e4f4a4b4c4', NOW() - INTERVAL '8 days'),
  (uuid_generate_v4(), 'a4b4c4d4-e4f4-44a4-b4c4-d4e4f4a4b4c4', 'a2b2c2d2-e2f2-42a2-b2c2-d2e2f2a2b2c2', NOW() - INTERVAL '7 days'),
  (uuid_generate_v4(), 'a1b1c1d1-e1f1-41a1-b1c1-d1e1f1a1b1c1', 'a3b3c3d3-e3f3-43a3-b3c3-d3e3f3a3b3c3', NOW() - INTERVAL '6 days');

-- Additional Votes [FIXED: No self-votes]
INSERT INTO public.votes (id, user_id, target_id, target_type, vote_type, created_at)
VALUES
  -- ✅ FIXED: Ahmed votes for Al-Mathaq's answer (instead of self-vote)
  (uuid_generate_v4(), 'a1b1c1d1-e1f1-41a1-b1c1-d1e1f1a1b1c1', 'a4444444-4444-4444-b444-444444444444', 'answer', 'up', NOW() - INTERVAL '1 hour'),
  
  (uuid_generate_v4(), 'a1b1c1d1-e1f1-41a1-b1c1-d1e1f1a1b1c1', 'a5555555-5555-4555-b555-555555555555', 'answer', 'up', NOW() - INTERVAL '4 hours'),
  (uuid_generate_v4(), 'a2b2c2d2-e2f2-42a2-b2c2-d2e2f2a2b2c2', 'a6666666-6666-4666-b666-666666666666', 'answer', 'up', NOW() - INTERVAL '9 hours'),
  (uuid_generate_v4(), 'a5b5c5d5-e5f5-45a5-b5c5-d5e5f5a5b5c5', 'a7777777-7777-4777-b777-777777777777', 'answer', 'up', NOW() - INTERVAL '18 hours'),
  (uuid_generate_v4(), 'a3b3c3d3-e3f3-43a3-b3c3-d3e3f3a3b3c3', 'a8888888-8888-4888-b888-888888888888', 'answer', 'up', NOW() - INTERVAL '1 day'),
  (uuid_generate_v4(), 'a2b2c2d2-e2f2-42a2-b2c2-d2e2f2a2b2c2', 'a9999999-9999-4999-b999-999999999999', 'answer', 'up', NOW() - INTERVAL '2 days'),
  (uuid_generate_v4(), 'a4b4c4d4-e4f4-44a4-b4c4-d4e4f4a4b4c4', 'aaaaaaaa-aaaa-4aaa-baaa-aaaaaaaaaaaa', 'answer', 'up', NOW() - INTERVAL '3 days');

-- Additional Reputation Logs
INSERT INTO public.reputation_logs (id, user_id, points, reason, created_at)
VALUES
  (uuid_generate_v4(), 'a4b4c4d4-e4f4-44a4-b4c4-d4e4f4a4b4c4', 150, 'إجابة مقبولة عن مطاعم دبي', NOW() - INTERVAL '2 hours'),
  (uuid_generate_v4(), 'a2b2c2d2-e2f2-42a2-b2c2-d2e2f2a2b2c2', 150, 'إجابة مقبولة عن منتجعات عُمان', NOW() - INTERVAL '5 hours'),
  (uuid_generate_v4(), 'a5b5c5d5-e5f5-45a5-b5c5-d5e5f5a5b5c5', 150, 'إجابة مقبولة عن رحلات الخليج البرية', NOW() - INTERVAL '10 hours'),
  (uuid_generate_v4(), 'a3b3c3d3-e3f3-43a3-b3c3-d3e3f3a3b3c3', 150, 'إجابة مقبولة عن عيادات قطر', NOW() - INTERVAL '20 hours'),
  (uuid_generate_v4(), 'a2b2c2d2-e2f2-42a2-b2c2-d2e2f2a2b2c2', 150, 'إجابة مقبولة عن مقاهي المنامة', NOW() - INTERVAL '1 day'),
  (uuid_generate_v4(), 'a4b4c4d4-e4f4-44a4-b4c4-d4e4f4a4b4c4', 150, 'إجابة مقبولة عن منتجعات أبوظبي', NOW() - INTERVAL '2 days'),
  (uuid_generate_v4(), 'a3b3c3d3-e3f3-43a3-b3c3-d3e3f3a3b3c3', 150, 'إجابة مقبولة عن عيادات الكويت', NOW() - INTERVAL '3 days'),
  (uuid_generate_v4(), 'a1b1c1d1-e1f1-41a1-b1c1-d1e1f1a1b1c1', 50, 'تعليق مفيد على إجابة المطاعم', NOW() - INTERVAL '1 hour'),
  (uuid_generate_v4(), 'a5b5c5d5-e5f5-45a5-b5c5-d5e5f5a5b5c5', 50, 'تعليق مفيد على إجابة المنتجعات', NOW() - INTERVAL '4 hours');

-- =====================================================================
-- ── EXTENDED SEEDING COMPLETED SUCCESSFULLY ✅
-- =====================================================================